Date,Oil_Price,Dollar_Index,Stavka,isp
2022-01-03,78.9800033569336,96.21099853515624,8.5,5427.18
2022-01-04,80.0,96.27400207519533,8.5,5427.18
2022-01-05,80.80000305175781,96.18199920654295,8.5,5427.18
2022-01-06,81.98999786376953,96.32599639892578,8.5,5427.18
2022-01-07,81.75,95.72200012207033,8.5,5427.18
2022-01-10,80.87000274658203,95.98999786376952,8.5,5427.18
2022-01-11,83.72000122070312,95.625,8.5,5427.18
2022-01-12,84.66999816894531,94.9010009765625,8.5,5427.18
2022-01-13,84.47000122070312,94.7750015258789,8.5,5427.18
2022-01-14,86.05999755859375,95.16100311279295,8.5,5427.18
2022-01-18,87.51000213623047,95.7229995727539,8.5,5427.18
2022-01-19,88.44000244140625,95.5,8.5,5427.18
2022-01-20,88.37999725341797,95.7249984741211,8.5,5427.18
2022-01-21,87.88999938964844,95.63600158691406,8.5,5427.18
2022-01-24,86.2699966430664,95.9010009765625,8.5,5427.18
2022-01-25,88.19999694824219,95.9280014038086,8.5,5427.18
2022-01-26,89.95999908447266,96.4000015258789,8.5,5427.18
2022-01-27,89.33999633789062,97.24199676513672,8.5,5427.18
2022-01-28,90.02999877929688,97.26599884033205,8.5,5427.18
2022-01-31,91.20999908447266,96.53700256347656,8.5,5427.18
2022-02-01,89.16000366210938,96.375,20.0,5512.15
2022-02-02,89.47000122070312,95.93499755859376,20.0,5512.15
2022-02-03,91.11000061035156,95.37899780273438,20.0,5512.15
2022-02-04,93.2699966430664,95.4800033569336,20.0,5512.15
2022-02-07,92.69000244140624,95.39199829101562,20.0,5512.15
2022-02-08,90.77999877929688,95.64099884033205,20.0,5512.15
2022-02-09,91.5500030517578,95.49400329589844,20.0,5512.15
2022-02-10,91.41000366210938,95.5479965209961,20.0,5512.15
2022-02-11,94.44000244140624,96.072998046875,20.0,5512.15
2022-02-14,96.4800033569336,96.3560028076172,20.0,5512.15
2022-02-15,93.27999877929688,95.99299621582033,20.0,5512.15
2022-02-16,94.80999755859376,95.6969985961914,20.0,5512.15
2022-02-17,92.97000122070312,95.8030014038086,20.0,5512.15
2022-02-18,93.54000091552734,96.02200317382812,20.0,5512.15
2022-02-22,96.83999633789062,96.01100158691406,20.0,5512.15
2022-02-23,96.83999633789062,96.18800354003906,20.0,5512.15
2022-02-24,99.08000183105467,97.11799621582033,20.0,5512.15
2022-02-25,97.93000030517578,96.61900329589844,20.0,5512.15
2022-02-28,100.98999786376952,96.69400024414062,20.0,5512.15
2022-03-01,104.97000122070312,97.40599822998048,20.0,6013.27
2022-03-02,112.93000030517578,97.41400146484376,20.0,6013.27
2022-03-03,110.45999908447266,97.79100036621094,20.0,6013.27
2022-03-04,118.11000061035156,98.6709976196289,20.0,6013.27
2022-03-07,123.20999908447266,99.29499816894533,20.0,6013.27
2022-03-08,127.9800033569336,99.08000183105467,20.0,6013.27
2022-03-09,111.13999938964844,97.9530029296875,20.0,6013.27
2022-03-10,109.33000183105467,98.50399780273438,20.0,6013.27
2022-03-11,112.66999816894533,99.12999725341795,20.0,6013.27
2022-03-14,106.9000015258789,98.87899780273438,20.0,6013.27
2022-03-15,99.91000366210938,99.06400299072266,20.0,6013.27
2022-03-16,98.0199966430664,98.62100219726562,20.0,6013.27
2022-03-17,106.63999938964844,97.9749984741211,20.0,6013.27
2022-03-18,107.93000030517578,98.22699737548828,20.0,6013.27
2022-03-21,115.62000274658205,98.4990005493164,20.0,6013.27
2022-03-22,115.4800033569336,98.52300262451172,20.0,6013.27
2022-03-23,121.5999984741211,98.61499786376952,20.0,6013.27
2022-03-24,119.02999877929688,98.8000030517578,20.0,6013.27
2022-03-25,120.6500015258789,98.8219985961914,20.0,6013.27
2022-03-28,112.4800033569336,99.05500030517578,20.0,6013.27
2022-03-29,110.2300033569336,98.44100189208984,20.0,6013.27
2022-03-30,113.4499969482422,97.875,20.0,6013.27
2022-03-31,107.91000366210938,98.36000061035156,20.0,6013.27
2022-04-01,104.38999938964844,98.6269989013672,17.0,6252.52
2022-04-04,107.52999877929688,98.9739990234375,17.0,6252.52
2022-04-05,106.63999938964844,99.4280014038086,17.0,6252.52
2022-04-06,101.06999969482422,99.61499786376952,17.0,6252.52
2022-04-07,100.58000183105467,99.76000213623048,17.0,6252.52
2022-04-08,102.77999877929688,99.75299835205078,17.0,6252.52
2022-04-11,98.4800033569336,99.92400360107422,17.0,6252.52
2022-04-12,104.63999938964844,100.29199981689452,17.0,6252.52
2022-04-13,108.77999877929688,99.91300201416016,17.0,6252.52
2022-04-14,111.6999969482422,100.32599639892578,17.0,6252.52
2022-04-18,113.16000366210938,100.76599884033205,17.0,6252.52
2022-04-19,107.25,100.96399688720705,17.0,6252.52
2022-04-20,106.8000030517578,100.41699981689452,17.0,6252.52
2022-04-21,108.33000183105467,100.61399841308594,17.0,6252.52
2022-04-22,106.6500015258789,101.21299743652344,17.0,6252.52
2022-04-25,102.31999969482422,101.7689971923828,17.0,6252.52
2022-04-26,104.98999786376952,102.31800079345705,17.0,6252.52
2022-04-27,105.31999969482422,102.96299743652344,17.0,6252.52
2022-04-28,107.58999633789062,103.65899658203124,17.0,6252.52
2022-04-29,109.33999633789062,102.96299743652344,17.0,6252.52
2022-05-02,107.58000183105467,103.76599884033205,11.0,6335.29
2022-05-03,104.97000122070312,103.49600219726562,11.0,6335.29
2022-05-04,110.13999938964844,102.59400177001952,11.0,6335.29
2022-05-05,110.9000015258789,103.802001953125,11.0,6335.29
2022-05-06,112.38999938964844,103.69400024414062,11.0,6335.29
2022-05-09,105.94000244140624,103.68900299072266,11.0,6335.29
2022-05-10,102.45999908447266,103.94300079345705,11.0,6335.29
2022-05-11,107.51000213623048,103.8740005493164,11.0,6335.29
2022-05-12,107.4499969482422,104.89700317382812,11.0,6335.29
2022-05-13,111.5500030517578,104.62100219726562,11.0,6335.29
2022-05-16,114.23999786376952,104.1999969482422,11.0,6335.29
2022-05-17,111.93000030517578,103.40699768066406,11.0,6335.29
2022-05-18,109.11000061035156,103.86199951171876,11.0,6335.29
2022-05-19,112.04000091552734,102.7509994506836,11.0,6335.29
2022-05-20,112.5500030517578,103.1729965209961,11.0,6335.29
2022-05-23,113.41999816894533,102.09700012207033,11.0,6335.29
2022-05-24,113.55999755859376,101.87000274658205,11.0,6335.29
2022-05-25,114.02999877929688,102.0770034790039,11.0,6335.29
2022-05-26,117.4000015258789,101.85800170898438,11.0,6335.29
2022-05-27,119.43000030517578,101.697998046875,11.0,6335.29
2022-05-31,122.83999633789062,101.76599884033205,11.0,6335.29
2022-06-01,116.29000091552734,102.52899932861328,9.5,6191.31
2022-06-02,117.61000061035156,101.83200073242188,9.5,6191.31
2022-06-03,119.72000122070312,102.16000366210938,9.5,6191.31
2022-06-06,119.51000213623048,102.4469985961914,9.5,6191.31
2022-06-07,120.56999969482422,102.3249969482422,9.5,6191.31
2022-06-08,123.58000183105467,102.5459976196289,9.5,6191.31
2022-06-09,123.06999969482422,103.21800231933594,9.5,6191.31
2022-06-10,122.01000213623048,104.1510009765625,9.5,6191.31
2022-06-13,122.2699966430664,104.9469985961914,9.5,6191.31
2022-06-14,121.16999816894533,105.34200286865234,9.5,6191.31
2022-06-15,118.51000213623048,104.93499755859376,9.5,6191.31
2022-06-16,119.80999755859376,103.41699981689452,9.5,6191.31
2022-06-17,113.12000274658205,104.48799896240234,9.5,6191.31
2022-06-21,114.6500015258789,104.21099853515624,9.5,6191.31
2022-06-22,111.73999786376952,103.9810028076172,9.5,6191.31
2022-06-23,110.0500030517578,104.19200134277344,9.5,6191.31
2022-06-24,113.12000274658205,103.95899963378906,9.5,6191.31
2022-06-27,115.08999633789062,103.6780014038086,9.5,6191.31
2022-06-28,117.9800033569336,104.26100158691406,9.5,6191.31
2022-06-29,116.26000213623048,104.8489990234375,9.5,6191.31
2022-06-30,114.80999755859376,104.46399688720705,9.5,6191.31
2022-07-01,111.62999725341795,104.90899658203124,8.0,5864.04
2022-07-05,102.7699966430664,106.31999969482422,8.0,5864.04
2022-07-06,100.69000244140624,106.89800262451172,8.0,5864.04
2022-07-07,104.6500015258789,106.95899963378906,8.0,5864.04
2022-07-08,107.0199966430664,106.8209991455078,8.0,5864.04
2022-07-11,107.0999984741211,107.8290023803711,8.0,5864.04
2022-07-12,99.48999786376952,107.91200256347656,8.0,5864.04
2022-07-13,99.56999969482422,107.75599670410156,8.0,5864.04
2022-07-14,99.0999984741211,108.40699768066406,8.0,5864.04
2022-07-15,101.16000366210938,107.91100311279295,8.0,5864.04
2022-07-18,106.2699966430664,107.2310028076172,8.0,5864.04
2022-07-19,107.3499984741211,106.5500030517578,8.0,5864.04
2022-07-20,106.91999816894533,106.9530029296875,8.0,5864.04
2022-07-21,103.86000061035156,106.8040008544922,8.0,5864.04
2022-07-22,103.1999969482422,106.62100219726562,8.0,5864.04
2022-07-25,105.1500015258789,106.3550033569336,8.0,5864.04
2022-07-26,104.4000015258789,107.04399871826172,8.0,5864.04
2022-07-27,106.62000274658205,106.33100128173828,8.0,5864.04
2022-07-28,107.13999938964844,106.23600006103516,8.0,5864.04
2022-07-29,110.01000213623048,105.77899932861328,8.0,5864.04
2022-08-01,100.02999877929688,105.33599853515624,8.0,5636.44
2022-08-02,100.54000091552734,106.10399627685548,8.0,5636.44
2022-08-03,96.77999877929688,106.3769989013672,8.0,5636.44
2022-08-04,94.12000274658205,105.56600189208984,8.0,5636.44
2022-08-05,94.91999816894533,106.48999786376952,8.0,5636.44
2022-08-08,96.6500015258789,106.322998046875,8.0,5636.44
2022-08-09,96.30999755859376,106.2519989013672,8.0,5636.44
2022-08-10,97.4000015258789,105.08000183105467,8.0,5636.44
2022-08-11,99.5999984741211,104.99400329589844,8.0,5636.44
2022-08-12,98.1500015258789,105.51000213623048,8.0,5636.44
2022-08-15,95.0999984741211,106.43299865722656,8.0,5636.44
2022-08-16,92.33999633789062,106.38800048828124,8.0,5636.44
2022-08-17,93.6500015258789,106.48600006103516,8.0,5636.44
2022-08-18,96.58999633789062,107.41500091552734,8.0,5636.44
2022-08-19,96.72000122070312,108.0979995727539,8.0,5636.44
2022-08-22,96.4800033569336,108.9810028076172,8.0,5636.44
2022-08-23,100.22000122070312,108.5540008544922,8.0,5636.44
2022-08-24,101.22000122070312,108.61599731445312,8.0,5636.44
2022-08-25,99.33999633789062,108.43299865722656,8.0,5636.44
2022-08-26,100.98999786376952,108.7509994506836,8.0,5636.44
2022-08-29,105.08999633789062,108.79000091552734,8.0,5636.44
2022-08-30,99.30999755859376,108.7490005493164,8.0,5636.44
2022-08-31,96.48999786376952,108.66500091552734,8.0,5636.44
2022-09-01,92.36000061035156,109.6780014038086,7.5,5500.6
2022-09-02,93.0199966430664,109.51000213623048,7.5,5500.6
2022-09-06,92.83000183105467,110.2040023803711,7.5,5500.6
2022-09-07,88.0,109.83200073242188,7.5,5500.6
2022-09-08,89.1500015258789,109.71299743652344,7.5,5500.6
2022-09-09,92.83999633789062,108.99700164794922,7.5,5500.6
2022-09-12,94.0,108.31600189208984,7.5,5500.6
2022-09-13,93.16999816894533,109.80899810791016,7.5,5500.6
2022-09-14,94.0999984741211,109.63099670410156,7.5,5500.6
2022-09-15,90.83999633789062,109.71099853515624,7.5,5500.6
2022-09-16,91.3499984741211,109.73600006103516,7.5,5500.6
2022-09-19,92.0,109.98200225830078,7.5,5500.6
2022-09-20,90.62000274658205,109.94200134277344,7.5,5500.6
2022-09-21,89.83000183105469,110.34600067138672,7.5,5500.6
2022-09-22,90.45999908447266,111.1050033569336,7.5,5500.6
2022-09-23,86.1500015258789,112.96199798583984,7.5,5500.6
2022-09-26,84.05999755859375,114.0199966430664,7.5,5500.6
2022-09-27,86.2699966430664,114.0469970703125,7.5,5500.6
2022-09-28,89.31999969482422,112.50800323486328,7.5,5500.6
2022-09-29,88.48999786376953,112.2020034790039,7.5,5500.6
2022-09-30,87.95999908447266,112.08399963378906,7.5,5500.6
2022-10-03,88.86000061035156,111.65599822998048,7.5,5500.07
2022-10-04,91.8000030517578,109.9810028076172,7.5,5500.07
2022-10-05,93.37000274658205,111.01100158691406,7.5,5500.07
2022-10-06,94.41999816894533,112.18299865722656,7.5,5500.07
2022-10-07,97.91999816894533,112.68299865722656,7.5,5500.07
2022-10-10,96.19000244140624,113.0709991455078,7.5,5500.07
2022-10-11,94.29000091552734,113.12799835205078,7.5,5500.07
2022-10-12,92.4499969482422,113.2239990234375,7.5,5500.07
2022-10-13,94.56999969482422,112.25299835205078,7.5,5500.07
2022-10-14,91.62999725341795,113.2020034790039,7.5,5500.07
2022-10-17,91.62000274658205,111.90799713134766,7.5,5500.07
2022-10-18,90.02999877929688,111.99400329589844,7.5,5500.07
2022-10-19,92.41000366210938,112.87899780273438,7.5,5500.07
2022-10-20,92.37999725341795,112.81800079345705,7.5,5500.07
2022-10-21,93.5,111.9800033569336,7.5,5500.07
2022-10-24,93.26000213623048,111.90899658203124,7.5,5500.07
2022-10-25,93.5199966430664,110.83000183105467,7.5,5500.07
2022-10-26,95.69000244140624,109.552001953125,7.5,5500.07
2022-10-27,96.95999908447266,110.4530029296875,7.5,5500.07
2022-10-28,95.7699966430664,110.6060028076172,7.5,5500.07
2022-10-31,94.83000183105467,111.41999816894533,7.5,5500.07
2022-11-01,94.6500015258789,111.35900115966795,7.5,5511.28
2022-11-02,96.16000366210938,111.22599792480467,7.5,5511.28
2022-11-03,94.66999816894533,112.8040008544922,7.5,5511.28
2022-11-04,98.56999969482422,110.77400207519533,7.5,5511.28
2022-11-07,97.91999816894533,109.99299621582033,7.5,5511.28
2022-11-08,95.36000061035156,109.54199981689452,7.5,5511.28
2022-11-09,92.6500015258789,110.45999908447266,7.5,5511.28
2022-11-10,93.66999816894533,108.09200286865234,7.5,5511.28
2022-11-11,95.98999786376952,106.16400146484376,7.5,5511.28
2022-11-14,93.13999938964844,106.53099822998048,7.5,5511.28
2022-11-15,93.86000061035156,106.29499816894533,7.5,5511.28
2022-11-16,92.86000061035156,106.1520004272461,7.5,5511.28
2022-11-17,89.77999877929688,106.59200286865234,7.5,5511.28
2022-11-18,87.62000274658203,106.82599639892578,7.5,5511.28
2022-11-21,87.44999694824219,107.73200225830078,7.5,5511.28
2022-11-22,88.36000061035156,107.11499786376952,7.5,5511.28
2022-11-23,85.41000366210938,105.96700286865234,7.5,5511.28
2022-11-25,83.62999725341797,105.91699981689452,7.5,5511.28
2022-11-28,83.19000244140625,106.63200378417967,7.5,5511.28
2022-11-29,83.02999877929688,106.76799774169922,7.5,5511.28
2022-11-30,85.43000030517578,105.89700317382812,7.5,5511.28
2022-12-01,86.87999725341797,104.68900299072266,7.5,5562.58
2022-12-02,85.56999969482422,104.5,7.5,5562.58
2022-12-05,82.68000030517578,105.23899841308594,7.5,5562.58
2022-12-06,79.3499984741211,105.54199981689452,7.5,5562.58
2022-12-07,77.16999816894531,105.05599975585938,7.5,5562.58
2022-12-08,76.1500015258789,104.75599670410156,7.5,5562.58
2022-12-09,76.0999984741211,104.79900360107422,7.5,5562.58
2022-12-12,77.98999786376953,105.10399627685548,7.5,5562.58
2022-12-13,80.68000030517578,103.94300079345705,7.5,5562.58
2022-12-14,82.69999694824219,103.73899841308594,7.5,5562.58
2022-12-15,81.20999908447266,104.53199768066406,7.5,5562.58
2022-12-16,79.04000091552734,104.66100311279295,7.5,5562.58
2022-12-19,79.80000305175781,104.59500122070312,7.5,5562.58
2022-12-20,79.98999786376953,103.6060028076172,7.5,5562.58
2022-12-21,82.19999694824219,103.84700012207033,7.5,5562.58
2022-12-22,80.9800033569336,104.1269989013672,7.5,5562.58
2022-12-23,83.91999816894531,104.01000213623048,7.5,5562.58
2022-12-27,84.33000183105469,103.89299774169922,7.5,5562.58
2022-12-28,83.26000213623047,104.18199920654295,7.5,5562.58
2022-12-29,82.26000213623047,103.58599853515624,7.5,5562.58
2022-12-30,85.91000366210938,103.2689971923828,7.5,5562.58
2023-01-03,82.0999984741211,104.31199645996094,7.5,5600.33
2023-01-04,77.83999633789062,104.02100372314452,7.5,5600.33
2023-01-05,78.69000244140625,104.8280029296875,7.5,5600.33
2023-01-06,78.56999969482422,103.64600372314452,7.5,5600.33
2023-01-09,79.6500015258789,102.74299621582033,7.5,5600.33
2023-01-10,80.0999984741211,102.9800033569336,7.5,5600.33
2023-01-11,82.66999816894531,102.9280014038086,7.5,5600.33
2023-01-12,84.02999877929688,101.99500274658205,7.5,5600.33
2023-01-13,85.27999877929688,101.9459991455078,7.5,5600.33
2023-01-17,85.91999816894531,102.14099884033205,7.5,5600.33
2023-01-18,84.9800033569336,102.10700225830078,7.5,5600.33
2023-01-19,86.16000366210938,101.83100128173828,7.5,5600.33
2023-01-20,87.62999725341797,101.78099822998048,7.5,5600.33
2023-01-23,88.19000244140625,101.91600036621094,7.5,5600.33
2023-01-24,86.12999725341797,101.6750030517578,7.5,5600.33
2023-01-25,86.12000274658203,101.41600036621094,7.5,5600.33
2023-01-26,87.47000122070312,101.63800048828124,7.5,5600.33
2023-01-27,86.66000366210938,101.72100067138672,7.5,5600.33
2023-01-30,84.9000015258789,102.08599853515624,7.5,5600.33
2023-01-31,84.48999786376953,101.91500091552734,7.5,5600.33
2023-02-01,82.83999633789062,101.02799987792967,7.5,5656.61
2023-02-02,82.16999816894531,101.5749969482422,7.5,5656.61
2023-02-03,79.94000244140625,102.75499725341795,7.5,5656.61
2023-02-06,80.98999786376953,103.4980010986328,7.5,5656.61
2023-02-07,83.69000244140625,103.2979965209961,7.5,5656.61
2023-02-08,85.08999633789062,103.27200317382812,7.5,5656.61
2023-02-09,84.5,103.1060028076172,7.5,5656.61
2023-02-10,86.38999938964844,103.53500366210938,7.5,5656.61
2023-02-13,86.61000061035156,103.2480010986328,7.5,5656.61
2023-02-14,85.58000183105469,103.1230010986328,7.5,5656.61
2023-02-15,85.37999725341797,103.83899688720705,7.5,5656.61
2023-02-16,85.13999938964844,103.79100036621094,7.5,5656.61
2023-02-17,83.0,103.77999877929688,7.5,5656.61
2023-02-21,83.05000305175781,104.11199951171876,7.5,5656.61
2023-02-22,80.5999984741211,104.52300262451172,7.5,5656.61
2023-02-23,82.20999908447266,104.53900146484376,7.5,5656.61
2023-02-24,83.16000366210938,105.15799713134766,7.5,5656.61
2023-02-27,82.44999694824219,104.6240005493164,7.5,5656.61
2023-02-28,83.88999938964844,104.8249969482422,7.5,5656.61
2023-03-01,84.30999755859375,104.43199920654295,7.5,5645.03
2023-03-02,84.75,104.99500274658205,7.5,5645.03
2023-03-03,85.83000183105469,104.48799896240234,7.5,5645.03
2023-03-06,86.18000030517578,104.3249969482422,7.5,5645.03
2023-03-07,83.29000091552734,105.59200286865234,7.5,5645.03
2023-03-08,82.66000366210938,105.63400268554688,7.5,5645.03
2023-03-09,81.58999633789062,105.30500030517578,7.5,5645.03
2023-03-10,82.77999877929688,104.552001953125,7.5,5645.03
2023-03-13,80.7699966430664,103.71299743652344,7.5,5645.03
2023-03-14,77.44999694824219,103.21499633789062,7.5,5645.03
2023-03-15,73.69000244140625,104.2760009765625,7.5,5645.03
2023-03-16,74.69999694824219,104.09200286865234,7.5,5645.03
2023-03-17,72.97000122070312,103.36000061035156,7.5,5645.03
2023-03-20,73.79000091552734,102.93299865722656,7.5,5645.03
2023-03-21,75.31999969482422,102.89700317382812,7.5,5645.03
2023-03-22,76.69000244140625,101.97200012207033,7.5,5645.03
2023-03-23,75.91000366210938,102.20700073242188,7.5,5645.03
2023-03-24,74.98999786376953,102.76399993896484,7.5,5645.03
2023-03-27,78.12000274658203,102.51799774169922,7.5,5645.03
2023-03-28,78.6500015258789,102.1060028076172,7.5,5645.03
2023-03-29,78.27999877929688,102.2979965209961,7.5,5645.03
2023-03-30,79.2699966430664,101.8209991455078,7.5,5645.03
2023-03-31,79.7699966430664,102.18599700927734,7.5,5645.03
2023-04-03,84.93000030517578,101.78700256347656,7.5,5688.18
2023-04-04,84.94000244140625,101.26699829101562,7.5,5688.18
2023-04-05,84.98999786376953,101.54499816894533,7.5,5688.18
2023-04-06,85.12000274658203,101.5189971923828,7.5,5688.18
2023-04-10,84.18000030517578,101.7300033569336,7.5,5688.18
2023-04-11,85.61000061035156,101.88400268554688,7.5,5688.18
2023-04-12,87.33000183105469,101.1709976196289,7.5,5688.18
2023-04-13,86.08999633789062,100.6999969482422,7.5,5688.18
2023-04-14,86.30999755859375,101.24500274658205,7.5,5688.18
2023-04-17,84.76000213623047,101.7959976196289,7.5,5688.18
2023-04-18,84.7699966430664,101.447998046875,7.5,5688.18
2023-04-19,83.12000274658203,101.66799926757812,7.5,5688.18
2023-04-20,81.0999984741211,101.56600189208984,7.5,5688.18
2023-04-21,81.66000366210938,101.552001953125,7.5,5688.18
2023-04-24,82.7300033569336,101.072998046875,7.5,5688.18
2023-04-25,80.7699966430664,101.59200286865234,7.5,5688.18
2023-04-26,77.69000244140625,101.20500183105467,7.5,5688.18
2023-04-27,78.37000274658203,101.2519989013672,7.5,5688.18
2023-04-28,79.54000091552734,101.40299987792967,7.5,5688.18
2023-05-01,79.30999755859375,101.91999816894533,7.5,5862.92
2023-05-02,75.31999969482422,101.7249984741211,7.5,5862.92
2023-05-03,72.33000183105469,101.11499786376952,7.5,5862.92
2023-05-04,72.5,101.18399810791016,7.5,5862.92
2023-05-05,75.30000305175781,100.9990005493164,7.5,5862.92
2023-05-08,77.01000213623047,101.15499877929688,7.5,5862.92
2023-05-09,77.44000244140625,101.39900207519533,7.5,5862.92
2023-05-10,76.41000366210938,101.2689971923828,7.5,5862.92
2023-05-11,74.9800033569336,101.8730010986328,7.5,5862.92
2023-05-12,74.16999816894531,102.50900268554688,7.5,5862.92
2023-05-15,75.2300033569336,102.27100372314452,7.5,5862.92
2023-05-16,74.91000366210938,102.40399932861328,7.5,5862.92
2023-05-17,76.95999908447266,102.72599792480467,7.5,5862.92
2023-05-18,75.86000061035156,103.45500183105467,7.5,5862.92
2023-05-19,75.58000183105469,103.0790023803711,7.5,5862.92
2023-05-22,75.98999786376953,103.0790023803711,7.5,5862.92
2023-05-23,76.83999633789062,103.38500213623048,7.5,5862.92
2023-05-24,78.36000061035156,103.79900360107422,7.5,5862.92
2023-05-25,76.26000213623047,104.1750030517578,7.5,5862.92
2023-05-26,76.94999694824219,104.13600158691406,7.5,5862.92
2023-05-30,73.54000091552734,104.0780029296875,7.5,5862.92
2023-05-31,72.66000366210938,104.24500274658205,7.5,5862.92
2023-06-01,74.27999877929688,103.5019989013672,7.5,6012.73
2023-06-02,76.12999725341797,103.9520034790039,7.5,6012.73
2023-06-05,76.70999908447266,103.93599700927734,7.5,6012.73
2023-06-06,76.29000091552734,104.0739974975586,7.5,6012.73
2023-06-07,76.94999694824219,104.05500030517578,7.5,6012.73
2023-06-08,75.95999908447266,103.31600189208984,7.5,6012.73
2023-06-09,74.79000091552734,103.53299713134766,7.5,6012.73
2023-06-12,71.83999633789062,103.63099670410156,7.5,6012.73
2023-06-13,74.29000091552734,103.31800079345705,7.5,6012.73
2023-06-14,73.19999694824219,102.91600036621094,7.5,6012.73
2023-06-15,75.66999816894531,102.10800170898438,7.5,6012.73
2023-06-16,76.61000061035156,102.25800323486328,7.5,6012.73
2023-06-20,75.9000015258789,102.125,7.5,6012.73
2023-06-21,77.12000274658203,101.6760025024414,7.5,6012.73
2023-06-22,74.13999938964844,101.99400329589844,7.5,6012.73
2023-06-23,73.8499984741211,102.54199981689452,7.5,6012.73
2023-06-26,74.18000030517578,102.33399963378906,7.5,6012.73
2023-06-27,72.26000213623047,102.1269989013672,7.5,6012.73
2023-06-28,74.02999877929688,102.5479965209961,7.5,6012.73
2023-06-29,74.33999633789062,103.00800323486328,7.5,6012.73
2023-06-30,74.9000015258789,102.58699798583984,7.5,6012.73
2023-07-03,74.6500015258789,102.65399932861328,8.5,6033.3
2023-07-05,76.6500015258789,103.03500366210938,8.5,6033.3
2023-07-06,76.5199966430664,102.86699676513672,8.5,6033.3
2023-07-07,78.47000122070312,101.9499969482422,8.5,6033.3
2023-07-10,77.69000244140625,101.64199829101562,8.5,6033.3
2023-07-11,79.4000015258789,101.40299987792967,8.5,6033.3
2023-07-12,80.11000061035156,100.19300079345705,8.5,6033.3
2023-07-13,81.36000061035156,99.45600128173828,8.5,6033.3
2023-07-14,79.87000274658203,99.6050033569336,8.5,6033.3
2023-07-17,78.5,99.52899932861328,8.5,6033.3
2023-07-18,79.62999725341797,99.625,8.5,6033.3
2023-07-19,79.45999908447266,99.98799896240234,8.5,6033.3
2023-07-20,79.63999938964844,100.59700012207033,8.5,6033.3
2023-07-21,81.06999969482422,100.7979965209961,8.5,6033.3
2023-07-24,82.73999786376953,101.08300018310548,8.5,6033.3
2023-07-25,83.63999938964844,101.09600067138672,8.5,6033.3
2023-07-26,82.91999816894531,100.63600158691406,8.5,6033.3
2023-07-27,84.23999786376953,101.54399871826172,8.5,6033.3
2023-07-28,84.98999786376953,101.39900207519533,8.5,6033.3
2023-07-31,85.55999755859375,101.6259994506836,8.5,6033.3
2023-08-01,84.91000366210938,102.08499908447266,12.0,5816.0
2023-08-02,83.19999694824219,102.38899993896484,12.0,5816.0
2023-08-03,85.13999938964844,102.3499984741211,12.0,5816.0
2023-08-04,86.23999786376953,101.83599853515624,12.0,5816.0
2023-08-07,85.33999633789062,101.86100006103516,12.0,5816.0
2023-08-08,86.16999816894531,102.33999633789062,12.0,5816.0
2023-08-09,87.55000305175781,102.31199645996094,12.0,5816.0
2023-08-10,86.4000015258789,102.36699676513672,12.0,5816.0
2023-08-11,86.80999755859375,102.68900299072266,12.0,5816.0
2023-08-14,86.20999908447266,103.05799865722656,12.0,5816.0
2023-08-15,84.88999938964844,103.09500122070312,12.0,5816.0
2023-08-16,83.44999694824219,103.31900024414062,12.0,5816.0
2023-08-17,84.12000274658203,103.47000122070312,12.0,5816.0
2023-08-18,84.80000305175781,103.2760009765625,12.0,5816.0
2023-08-21,84.45999908447266,103.20600128173828,12.0,5816.0
2023-08-22,84.02999877929688,103.4729995727539,12.0,5816.0
2023-08-23,83.20999908447266,103.33300018310548,12.0,5816.0
2023-08-24,83.36000061035156,103.91899871826172,12.0,5816.0
2023-08-25,84.4800033569336,104.01300048828124,12.0,5816.0
2023-08-28,84.41999816894531,103.99199676513672,12.0,5816.0
2023-08-29,85.48999786376953,103.47100067138672,12.0,5816.0
2023-08-30,85.86000061035156,103.09300231933594,12.0,5816.0
2023-08-31,86.86000061035156,103.58699798583984,12.0,5816.0
2023-09-01,88.55000305175781,104.19100189208984,13.0,5722.42
2023-09-05,90.04000091552734,104.76300048828124,13.0,5722.42
2023-09-06,90.5999984741211,104.8209991455078,13.0,5722.42
2023-09-07,89.91999816894531,105.02799987792967,13.0,5722.42
2023-09-08,90.6500015258789,105.06600189208984,13.0,5722.42
2023-09-11,90.63999938964844,104.53900146484376,13.0,5722.42
2023-09-12,92.05999755859376,104.69000244140624,13.0,5722.42
2023-09-13,91.87999725341795,104.7490005493164,13.0,5722.42
2023-09-14,93.6999969482422,105.3949966430664,13.0,5722.42
2023-09-15,93.93000030517578,105.3249969482422,13.0,5722.42
2023-09-18,94.43000030517578,105.29199981689452,13.0,5722.42
2023-09-19,94.33999633789062,104.83200073242188,13.0,5722.42
2023-09-20,93.52999877929688,104.78800201416016,13.0,5722.42
2023-09-21,93.3000030517578,105.04399871826172,13.0,5722.42
2023-09-22,93.2699966430664,105.26000213623048,13.0,5722.42
2023-09-25,93.29000091552734,105.69000244140624,13.0,5722.42
2023-09-26,93.95999908447266,105.93000030517578,13.0,5722.42
2023-09-27,96.5500030517578,106.36599731445312,13.0,5722.42
2023-09-28,95.37999725341795,105.93299865722656,13.0,5722.42
2023-09-29,95.30999755859376,105.81500244140624,13.0,5722.42
2023-10-02,90.70999908447266,106.6060028076172,15.0,5732.89
2023-10-03,90.91999816894533,106.71900177001952,15.0,5732.89
2023-10-04,85.80999755859375,106.52999877929688,15.0,5732.89
2023-10-05,84.06999969482422,106.06500244140624,15.0,5732.89
2023-10-06,84.58000183105469,105.78399658203124,15.0,5732.89
2023-10-09,88.1500015258789,105.81099700927734,15.0,5732.89
2023-10-10,87.6500015258789,105.55699920654295,15.0,5732.89
2023-10-11,85.81999969482422,105.56900024414062,15.0,5732.89
2023-10-12,86.0,106.36699676513672,15.0,5732.89
2023-10-13,90.88999938964844,106.43399810791016,15.0,5732.89
2023-10-16,89.6500015258789,106.03399658203124,15.0,5732.89
2023-10-17,89.9000015258789,106.0459976196289,15.0,5732.89
2023-10-18,91.5,106.35399627685548,15.0,5732.89
2023-10-19,92.37999725341795,106.0459976196289,15.0,5732.89
2023-10-20,92.16000366210938,105.98799896240234,15.0,5732.89
2023-10-23,89.83000183105469,105.33399963378906,15.0,5732.89
2023-10-24,88.06999969482422,106.08000183105467,15.0,5732.89
2023-10-25,90.12999725341795,106.35199737548828,15.0,5732.89
2023-10-26,87.93000030517578,106.4219970703125,15.0,5732.89
2023-10-27,90.4800033569336,106.37999725341795,15.0,5732.89
2023-10-30,87.44999694824219,105.93399810791016,15.0,5732.89
2023-10-31,87.41000366210938,106.49400329589844,15.0,5732.89
2023-11-01,84.62999725341797,106.71499633789062,15.0,5803.41
2023-11-02,86.8499984741211,105.97699737548828,15.0,5803.41
2023-11-03,84.88999938964844,104.85900115966795,15.0,5803.41
2023-11-06,85.18000030517578,105.0459976196289,15.0,5803.41
2023-11-07,81.61000061035156,105.3730010986328,15.0,5803.41
2023-11-08,79.54000091552734,105.447998046875,15.0,5803.41
2023-11-09,80.01000213623047,105.77999877929688,15.0,5803.41
2023-11-10,81.43000030517578,105.7249984741211,15.0,5803.41
2023-11-13,82.5199966430664,105.50299835205078,15.0,5803.41
2023-11-14,82.47000122070312,103.90699768066406,15.0,5803.41
2023-11-15,81.18000030517578,104.26499938964844,15.0,5803.41
2023-11-16,77.41999816894531,104.23300170898438,15.0,5803.41
2023-11-17,80.61000061035156,103.79499816894533,15.0,5803.41
2023-11-20,82.31999969482422,103.31700134277344,15.0,5803.41
2023-11-21,82.44999694824219,103.4489974975586,15.0,5803.41
2023-11-22,81.95999908447266,103.8249969482422,15.0,5803.41
2023-11-23,81.37000274658203,103.8249969482422,15.0,5803.41
2023-11-24,80.58000183105469,103.3040008544922,15.0,5803.41
2023-11-27,79.9800033569336,103.1050033569336,15.0,5803.41
2023-11-28,81.68000030517578,102.64900207519533,15.0,5803.41
2023-11-29,83.0999984741211,102.6760025024414,15.0,5803.41
2023-11-30,82.83000183105469,103.4280014038086,15.0,5803.41
2023-12-01,78.87999725341797,103.1999969482422,16.0,5890.61
2023-12-04,78.02999877929688,103.64700317382812,16.0,5890.61
2023-12-05,77.19999694824219,103.99500274658205,16.0,5890.61
2023-12-06,74.30000305175781,104.10800170898438,16.0,5890.61
2023-12-07,74.05000305175781,103.50399780273438,16.0,5890.61
2023-12-08,75.83999633789062,103.98300170898438,16.0,5890.61
2023-12-11,76.02999877929688,104.06400299072266,16.0,5890.61
2023-12-12,73.23999786376953,103.83899688720705,16.0,5890.61
2023-12-13,74.26000213623047,102.8479995727539,16.0,5890.61
2023-12-14,76.61000061035156,101.94000244140624,16.0,5890.61
2023-12-15,76.55000305175781,102.5479965209961,16.0,5890.61
2023-12-18,77.94999694824219,102.53600311279295,16.0,5890.61
2023-12-19,79.2300033569336,101.7959976196289,16.0,5890.61
2023-12-20,79.69999694824219,102.04000091552734,16.0,5890.61
2023-12-21,79.38999938964844,101.47799682617188,16.0,5890.61
2023-12-22,79.06999969482422,101.33799743652344,16.0,5890.61
2023-12-26,81.06999969482422,101.10399627685548,16.0,5890.61
2023-12-27,79.6500015258789,100.65399932861328,16.0,5890.61
2023-12-28,78.38999938964844,100.91300201416016,16.0,5890.61
2023-12-29,77.04000091552734,101.02899932861328,16.0,5890.61
2024-01-02,75.88999938964844,101.89099884033205,16.0,6016.95
2024-01-03,78.25,102.19499969482422,16.0,6016.95
2024-01-04,77.58999633789062,102.13500213623048,16.0,6016.95
2024-01-05,78.76000213623047,102.12899780273438,16.0,6016.95
2024-01-08,76.12000274658203,101.9280014038086,16.0,6016.95
2024-01-09,77.58999633789062,102.28399658203124,16.0,6016.95
2024-01-10,76.80000305175781,102.08000183105467,16.0,6016.95
2024-01-11,77.41000366210938,102.02400207519533,16.0,6016.95
2024-01-12,78.29000091552734,102.1510009765625,16.0,6016.95
2024-01-16,78.29000091552734,103.11199951171876,16.0,6016.95
2024-01-17,77.87999725341797,103.20600128173828,16.0,6016.95
2024-01-18,79.0999984741211,103.31199645996094,16.0,6016.95
2024-01-19,78.55999755859375,103.06900024414062,16.0,6016.95
2024-01-22,80.05999755859375,103.11799621582033,16.0,6016.95
2024-01-23,79.55000305175781,103.4020004272461,16.0,6016.95
2024-01-24,80.04000091552734,103.03900146484376,16.0,6016.95
2024-01-25,82.43000030517578,103.37000274658205,16.0,6016.95
2024-01-26,83.55000305175781,103.23400115966795,16.0,6016.95
2024-01-29,82.4000015258789,103.4209976196289,16.0,6016.95
2024-01-30,82.87000274658203,103.21499633789062,16.0,6016.95
2024-01-31,81.70999908447266,103.08899688720705,16.0,6016.95
2024-02-01,78.69999694824219,102.87200164794922,16.0,6075.45
2024-02-02,77.33000183105469,103.78099822998048,16.0,6075.45
2024-02-05,77.98999786376953,104.31900024414062,16.0,6075.45
2024-02-06,78.58999633789062,104.06800079345705,16.0,6075.45
2024-02-07,79.20999908447266,103.91699981689452,16.0,6075.45
2024-02-08,81.62999725341797,104.03700256347656,16.0,6075.45
2024-02-09,82.19000244140625,103.99299621582033,16.0,6075.45
2024-02-12,82.0,104.0469970703125,16.0,6075.45
2024-02-13,82.7699966430664,104.8499984741211,16.0,6075.45
2024-02-14,81.5999984741211,104.61199951171876,16.0,6075.45
2024-02-15,82.86000061035156,104.1999969482422,16.0,6075.45
2024-02-16,83.47000122070312,104.18199920654295,16.0,6075.45
2024-02-20,82.33999633789062,103.97799682617188,16.0,6075.45
2024-02-21,83.02999877929688,103.91200256347656,16.0,6075.45
2024-02-22,83.66999816894531,103.875,16.0,6075.45
2024-02-23,81.62000274658203,103.85900115966795,16.0,6075.45
2024-02-26,82.52999877929688,103.7509994506836,16.0,6075.45
2024-02-27,83.6500015258789,103.75900268554688,16.0,6075.45
2024-02-28,83.68000030517578,103.90399932861328,16.0,6075.45
2024-02-29,83.62000274658203,104.0979995727539,16.0,6075.45
2024-03-01,83.55000305175781,103.79900360107422,16.0,6110.86
2024-03-04,82.80000305175781,103.77799987792967,16.0,6110.86
2024-03-05,82.04000091552734,103.75299835205078,16.0,6110.86
2024-03-06,82.95999908447266,103.3209991455078,16.0,6110.86
2024-03-07,82.95999908447266,102.77200317382812,16.0,6110.86
2024-03-08,82.08000183105469,102.68800354003906,16.0,6110.86
2024-03-11,82.20999908447266,102.85199737548828,16.0,6110.86
2024-03-12,81.91999816894531,102.93399810791016,16.0,6110.86
2024-03-13,84.02999877929688,102.76599884033205,16.0,6110.86
2024-03-14,85.41999816894531,103.34200286865234,16.0,6110.86
2024-03-15,85.33999633789062,103.41400146484376,16.0,6110.86
2024-03-18,86.88999938964844,103.46099853515624,16.0,6110.86
2024-03-19,87.37999725341797,103.48400115966795,16.0,6110.86
2024-03-20,85.94999694824219,103.0459976196289,16.0,6110.86
2024-03-21,85.77999877929688,103.66600036621094,16.0,6110.86
2024-03-22,85.43000030517578,104.177001953125,16.0,6110.86
2024-03-25,86.75,103.93399810791016,16.0,6110.86
2024-03-26,86.25,103.99099731445312,16.0,6110.86
2024-03-27,86.08999633789062,104.06400299072266,16.0,6110.86
2024-03-28,87.4800033569336,104.2689971923828,16.0,6110.86
2024-04-01,87.41999816894531,104.76399993896484,16.0,6180.37
2024-04-02,88.91999816894531,104.56199645996094,16.0,6180.37
2024-04-03,89.3499984741211,103.99700164794922,16.0,6180.37
2024-04-04,90.6500015258789,103.89099884033205,16.0,6180.37
2024-04-05,91.16999816894533,104.0709991455078,16.0,6180.37
2024-04-08,90.37999725341795,103.9020004272461,16.0,6180.37
2024-04-09,89.41999816894531,103.9219970703125,16.0,6180.37
2024-04-10,90.4800033569336,105.03099822998048,16.0,6180.37
2024-04-11,89.73999786376953,105.06400299072266,16.0,6180.37
2024-04-12,90.4499969482422,105.83200073242188,16.0,6180.37
2024-04-15,90.0999984741211,105.9980010986328,16.0,6180.37
2024-04-16,90.0199966430664,106.06500244140624,16.0,6180.37
2024-04-17,87.29000091552734,105.76399993896484,16.0,6180.37
2024-04-18,87.11000061035156,105.98200225830078,16.0,6180.37
2024-04-19,87.29000091552734,105.98400115966795,16.0,6180.37
2024-04-22,87.0,105.91300201416016,16.0,6180.37
2024-04-23,88.41999816894531,105.50499725341795,16.0,6180.37
2024-04-24,88.0199966430664,105.6999969482422,16.0,6180.37
2024-04-25,89.01000213623047,105.45099639892578,16.0,6180.37
2024-04-26,89.5,105.8040008544922,16.0,6180.37
2024-04-29,88.4000015258789,105.447998046875,16.0,6180.37
2024-04-30,87.86000061035156,106.0999984741211,16.0,6180.37
2024-05-01,83.44000244140625,105.62799835205078,16.0,6404.26
2024-05-02,83.66999816894531,105.1780014038086,16.0,6404.26
2024-05-03,82.95999908447266,104.91799926757812,16.0,6404.26
2024-05-06,83.33000183105469,104.91899871826172,16.0,6404.26
2024-05-07,83.16000366210938,105.3000030517578,16.0,6404.26
2024-05-08,83.58000183105469,105.4260025024414,16.0,6404.26
2024-05-09,83.87999725341797,105.10399627685548,16.0,6404.26
2024-05-10,82.79000091552734,105.1750030517578,16.0,6404.26
2024-05-13,83.36000061035156,105.10299682617188,16.0,6404.26
2024-05-14,82.37999725341797,104.89199829101562,16.0,6404.26
2024-05-15,82.75,104.21199798583984,16.0,6404.26
2024-05-16,83.2699966430664,104.34500122070312,16.0,6404.26
2024-05-17,83.9800033569336,104.33000183105467,16.0,6404.26
2024-05-20,83.70999908447266,104.45999908447266,16.0,6404.26
2024-05-21,82.87999725341797,104.55599975585938,16.0,6404.26
2024-05-22,81.9000015258789,104.83599853515624,16.0,6404.26
2024-05-23,81.36000061035156,105.03600311279295,16.0,6404.26
2024-05-24,82.12000274658203,104.63800048828124,16.0,6404.26
2024-05-28,84.22000122070312,104.53900146484376,16.0,6404.26
2024-05-29,83.5999984741211,105.03399658203124,16.0,6404.26
2024-05-30,81.86000061035156,104.65799713134766,16.0,6404.26
2024-05-31,81.62000274658203,104.6269989013672,16.0,6404.26
2024-06-03,78.36000061035156,104.0780029296875,16.0,6656.49
2024-06-04,77.5199966430664,104.0510025024414,16.0,6656.49
2024-06-05,78.41000366210938,104.22100067138672,16.0,6656.49
2024-06-06,79.87000274658203,104.05699920654295,16.0,6656.49
2024-06-07,79.62000274658203,104.8550033569336,16.0,6656.49
2024-06-10,81.62999725341797,105.11199951171876,16.0,6656.49
2024-06-11,81.91999816894531,105.1989974975586,16.0,6656.49
2024-06-12,82.5999984741211,104.61499786376952,16.0,6656.49
2024-06-13,82.75,105.18699645996094,16.0,6656.49
2024-06-14,82.62000274658203,105.54499816894533,16.0,6656.49
2024-06-17,84.25,105.56400299072266,16.0,6656.49
2024-06-18,85.33000183105469,104.8759994506836,16.0,6656.49
2024-06-20,85.70999908447266,105.22699737548828,16.0,6656.49
2024-06-21,85.23999786376953,105.44300079345705,16.0,6656.49
2024-06-24,86.01000213623047,105.12100219726562,16.0,6656.49
2024-06-25,85.01000213623047,105.25900268554688,16.0,6656.49
2024-06-26,85.25,105.71399688720705,16.0,6656.49
2024-06-27,86.38999938964844,105.5709991455078,16.0,6656.49
2024-06-28,86.41000366210938,105.54499816894533,16.0,6656.49
2024-07-01,86.5999984741211,105.58699798583984,18.0,6707.54
2024-07-02,86.23999786376953,105.40699768066406,18.0,6707.54
2024-07-03,87.33999633789062,105.0770034790039,18.0,6707.54
2024-07-05,86.54000091552734,104.5479965209961,18.0,6707.54
2024-07-08,85.75,104.66799926757812,18.0,6707.54
2024-07-09,84.66000366210938,104.80699920654295,18.0,6707.54
2024-07-10,85.08000183105469,104.72899627685548,18.0,6707.54
2024-07-11,85.4000015258789,104.13099670410156,18.0,6707.54
2024-07-12,85.02999877929688,103.78299713134766,18.0,6707.54
2024-07-15,84.8499984741211,103.88200378417967,18.0,6707.54
2024-07-16,83.7300033569336,103.95899963378906,18.0,6707.54
2024-07-17,85.08000183105469,103.44300079345705,18.0,6707.54
2024-07-18,85.11000061035156,103.88500213623048,18.0,6707.54
2024-07-19,82.62999725341797,104.11199951171876,18.0,6707.54
2024-07-22,82.4000015258789,104.03700256347656,18.0,6707.54
2024-07-23,81.01000213623047,104.1750030517578,18.0,6707.54
2024-07-24,81.70999908447266,104.12200164794922,18.0,6707.54
2024-07-25,82.37000274658203,104.10800170898438,18.0,6707.54
2024-07-26,81.12999725341797,104.05899810791016,18.0,6707.54
2024-07-29,79.77999877929688,104.31400299072266,18.0,6707.54
2024-07-30,78.62999725341797,104.31900024414062,18.0,6707.54
2024-07-31,80.72000122070312,103.85900115966795,18.0,6707.54
2024-08-01,79.5199966430664,104.20500183105467,18.0,6655.62
2024-08-02,76.80999755859375,102.98799896240234,18.0,6655.62
2024-08-05,76.30000305175781,102.48300170898438,18.0,6655.62
2024-08-06,76.4800033569336,102.75800323486328,18.0,6655.62
2024-08-07,78.33000183105469,102.9980010986328,18.0,6655.62
2024-08-08,79.16000366210938,103.02200317382812,18.0,6655.62
2024-08-09,79.66000366210938,102.95700073242188,18.0,6655.62
2024-08-12,82.30000305175781,102.96099853515624,18.0,6655.62
2024-08-13,80.69000244140625,102.37999725341795,18.0,6655.62
2024-08-14,79.76000213623047,102.38500213623048,18.0,6655.62
2024-08-15,81.04000091552734,102.80799865722656,18.0,6655.62
2024-08-16,79.68000030517578,102.30699920654295,18.0,6655.62
2024-08-19,77.66000366210938,101.7310028076172,18.0,6655.62
2024-08-20,77.19999694824219,101.29900360107422,18.0,6655.62
2024-08-21,76.05000305175781,100.91000366210938,18.0,6655.62
2024-08-22,77.22000122070312,101.39900207519533,18.0,6655.62
2024-08-23,79.0199966430664,100.6060028076172,18.0,6655.62
2024-08-26,81.43000030517578,100.74099731445312,18.0,6655.62
2024-08-27,79.55000305175781,100.45500183105467,18.0,6655.62
2024-08-28,78.6500015258789,100.98999786376952,18.0,6655.62
2024-08-29,79.94000244140625,101.2699966430664,18.0,6655.62
2024-08-30,78.80000305175781,101.6240005493164,18.0,6655.62
2024-09-03,73.75,101.76599884033205,19.0,6537.36
2024-09-04,72.69999694824219,101.3010025024414,19.0,6537.36
2024-09-05,72.69000244140625,101.0739974975586,19.0,6537.36
2024-09-06,71.05999755859375,101.14299774169922,19.0,6537.36
2024-09-09,71.83999633789062,101.51799774169922,19.0,6537.36
2024-09-10,69.19000244140625,101.5979995727539,19.0,6537.36
2024-09-11,70.61000061035156,101.65799713134766,19.0,6537.36
2024-09-12,71.97000122070312,101.35099792480467,19.0,6537.36
2024-09-13,71.61000061035156,101.12000274658205,19.0,6537.36
2024-09-16,72.75,100.71099853515624,19.0,6537.36
2024-09-17,73.69999694824219,100.56700134277344,19.0,6537.36
2024-09-18,73.6500015258789,100.28199768066406,19.0,6537.36
2024-09-19,74.87999725341797,100.3209991455078,19.0,6537.36
2024-09-20,74.48999786376953,100.4229965209961,19.0,6537.36
2024-09-23,73.9000015258789,100.55999755859376,19.0,6537.36
2024-09-24,75.16999816894531,100.15899658203124,19.0,6537.36
2024-09-25,73.45999908447266,100.6240005493164,19.0,6537.36
2024-09-26,71.5999984741211,100.24600219726562,19.0,6537.36
2024-09-27,71.9800033569336,100.10900115966795,19.0,6537.36
2024-09-30,71.7699966430664,100.52100372314452,19.0,6537.36
2024-10-01,73.55999755859375,100.93099975585938,21.0,6625.27
2024-10-02,73.9000015258789,101.4250030517578,21.0,6625.27
2024-10-03,77.62000274658203,101.75,21.0,6625.27
2024-10-04,78.05000305175781,102.2750015258789,21.0,6625.27
2024-10-07,80.93000030517578,102.3010025024414,21.0,6625.27
2024-10-08,77.18000030517578,102.3030014038086,21.0,6625.27
2024-10-09,76.58000183105469,102.69499969482422,21.0,6625.27
2024-10-10,79.4000015258789,102.77300262451172,21.0,6625.27
2024-10-11,79.04000091552734,102.677001953125,21.0,6625.27
2024-10-14,77.45999908447266,103.08200073242188,21.0,6625.27
2024-10-15,74.25,103.05500030517578,21.0,6625.27
2024-10-16,74.22000122070312,103.4000015258789,21.0,6625.27
2024-10-17,74.44999694824219,103.6520004272461,21.0,6625.27
2024-10-18,73.05999755859375,103.30699920654295,21.0,6625.27
2024-10-21,74.29000091552734,103.83399963378906,21.0,6625.27
2024-10-22,76.04000091552734,103.90899658203124,21.0,6625.27
2024-10-23,74.95999908447266,104.2770004272461,21.0,6625.27
2024-10-24,74.37999725341797,103.91899871826172,21.0,6625.27
2024-10-25,76.05000305175781,104.13200378417967,21.0,6625.27
2024-10-28,71.41999816894531,104.18299865722656,21.0,6625.27
2024-10-29,71.12000274658203,104.19100189208984,21.0,6625.27
2024-10-30,72.55000305175781,103.86199951171876,21.0,6625.27
2024-10-31,73.16000366210938,103.87799835205078,21.0,6625.27
2024-11-01,73.0999984741211,104.2030029296875,21.0,6880.04
2024-11-04,75.08000183105469,103.79000091552734,21.0,6880.04
2024-11-05,75.52999877929688,103.3239974975586,21.0,6880.04
2024-11-06,74.91999816894531,104.98500061035156,21.0,6880.04
2024-11-07,75.62999725341797,104.37000274658205,21.0,6880.04
2024-11-08,73.87000274658203,104.88999938964844,21.0,6880.04
2024-11-11,71.83000183105469,105.45700073242188,21.0,6880.04
2024-11-12,71.88999938964844,105.9499969482422,21.0,6880.04
2024-11-13,72.27999877929688,106.37899780273438,21.0,6880.04
2024-11-14,72.55999755859375,106.5979995727539,21.0,6880.04
2024-11-15,71.04000091552734,106.61499786376952,21.0,6880.04
2024-11-18,73.30000305175781,106.20099639892578,21.0,6880.04
2024-11-19,73.30999755859375,106.14299774169922,21.0,6880.04
2024-11-20,72.80999755859375,106.61599731445312,21.0,6880.04
2024-11-21,74.2300033569336,106.93000030517578,21.0,6880.04
2024-11-22,75.16999816894531,107.50700378417967,21.0,6880.04
2024-11-25,73.01000213623047,106.7699966430664,21.0,6880.04
2024-11-26,72.80999755859375,106.96800231933594,21.0,6880.04
2024-11-27,72.83000183105469,106.0479965209961,21.0,6880.04
2024-11-29,72.94000244140625,105.8280029296875,21.0,6880.04
2024-12-02,71.83000183105469,106.4229965209961,21.0,7093.0
2024-12-03,73.62000274658203,106.33999633789062,21.0,7093.0
2024-12-04,72.30999755859375,106.29000091552734,21.0,7093.0
2024-12-05,72.08999633789062,105.70099639892578,21.0,7093.0
2024-12-06,71.12000274658203,106.03900146484376,21.0,7093.0
2024-12-09,72.13999938964844,106.125,21.0,7093.0
2024-12-10,72.19000244140625,106.38200378417967,21.0,7093.0
2024-12-11,73.5199966430664,106.69499969482422,21.0,7093.0
2024-12-12,73.41000366210938,106.95899963378906,21.0,7093.0
2024-12-13,74.48999786376953,106.99299621582033,21.0,7093.0
2024-12-16,73.91000366210938,107.02999877929688,21.0,7093.0
2024-12-17,73.19000244140625,106.66300201416016,21.0,7093.0
2024-12-18,73.38999938964844,107.7490005493164,21.0,7093.0
2024-12-19,72.87999725341797,108.1520004272461,21.0,7093.0
2024-12-20,72.94000244140625,107.35099792480467,21.0,7093.0
2024-12-23,72.62999725341797,107.80699920654295,21.0,7093.0
2024-12-24,73.58000183105469,108.02300262451172,21.0,7093.0
2024-12-26,73.26000213623047,107.89299774169922,21.0,7093.0
2024-12-27,74.16999816894531,107.79199981689452,21.0,7093.0
2024-12-30,74.38999938964844,107.93299865722656,21.0,7093.0
2024-12-31,74.63999938964844,108.2959976196289,21.0,7093.0
